task_id,status,actual_start,actual_end,completed_sp,comment,Аналитик,Аналитик 1С,Аналитик Big Data,Архитектор 1С,Архитектор решений,ДевОпс,Дизайнер,Разработчик .net,Разработчик 1С,Разработчик Android,Разработчик Big Data,Разработчик iOS,Разработчик Java,Разработчик Java Script,Руководитель проекта,Руководитель BigData,Специалист поддержки,Специалист поддержки 1С,Тестировщик,Тестировщик (Автотестирование)
AI-302,InProgress,2026-07-15,,,в работе по плану,,,,,,,,,,,,,,,,,,,21.33,
DB-202,InProgress,2026-07-15,,,в работе по плану,,,,,,,,10.00,,,,,12.23,,,,,,,
MP-102,Done,2026-07-15,2026-07-28,,закрыта по плану,,,,,,,,,,,,,16.00,,,,,,10.40,8.00
QA-9022,InProgress,2026-07-15,,,в работе по плану,,,,,,,,,,,,,,,,,,,,27.87
AI-303,ToDo,,,,,0,,,,0,0,0,,,,,,0,,0,,,,0,0
ANL-3042,ToDo,,,,,0,,,,0,0,,,,,,,0,,0,,,,0,0
ASUKD-5918,ToDo,,,,,0,,,,,,,,,,,,0,,0,,0,,0,0
DB-203,ToDo,,,,,,,,,,0,,,,,,,0,,,,,,,
KP-0000,ToDo,,,,,,,,,,,,,,,,,,,,,,,,0
KP-3898,InProgress,2025-12-02,,,,0,,,,,0,,,,0,,,0,,0,,,,0,0
MOB-7011,InProgress,2026-02-02,,,,,,,,,,,,,,,,,,,,,,,
MOB-7012,ToDo,,,,,0,,,,,,,,,0,,0,,,,,,,,
MOB-7013,ToDo,,,,,0,,,,0,0,,,,,,,,,0,,,0,0,0
MP-103,ToDo,,,,,,,,,,,,,,,,,,,,,,,0,0
ONK-2914,ToDo,,,,,0,,,,,,,,,,,,0,0,0,,,,0,0
SRV-4010,ToDo,,,,,0,,,,,,,,,,,,0,,0,,0,,0,
SRV-4011,InProgress,2026-03-02,,,,0,,,,0,0,,,,,,,0,,0,,,,0,
SRV-4012,ToDo,,,,,0,,0,,0,0,0,,,,0,,0,,0,,,,0,0
SRV-4022,ToDo,,,,,0,,,,0,0,,,,,,,0,,0,,0,,0,
SRV-4023,ToDo,,,,,0,,0,,,,,,,,,,0,,0,,0,,0,
SRV-4031,ToDo,,,,,0,,,,0,0,,,,,,,,,0,,,,0,
SRV-4032,ToDo,,,,,0,,,,0,0,,,,,,,0,,0,,0,,0,
SRV-4033,ToDo,,,,,0,,0,,,,0,,,,0,,,,0,,,,0,
SRV-4041,InProgress,2026-02-17,,,,,,0,,,,0,,,,,,,,0,0,,,0,
SRV-4042,ToDo,,,,,0,,,,,,,,,0,,0,0,,,,,,0,
SRV-4043,ToDo,,,,,,0,,,,,,,0,,0,,,,,,,0,0,
SRV-4052,ToDo,,,,,0,,0,,0,0,0,,,,0,,0,,0,,,,0,0
SRV-4062,ToDo,,,,,0,,,,0,0,,,,,,,0,,0,,,,0,
SRV-4063,ToDo,,,,,0,,0,,,,0,,,,0,,,,0,,,,0,
SRV-4071,ToDo,,,,,0,,,,0,0,0,,,,,,0,,0,,0,,0,0
SRV-4072,ToDo,,,,,0,,,,0,0,,,,,,,0,,0,,0,,0,
SRV-4081,ToDo,,,,,0,,,,0,0,,,,,,,0,,0,,,,0,0
SRV-4082,ToDo,,,,,0,,,,0,0,,,,,,,0,,0,,0,,0,
SRV-4091,ToDo,,,,,0,,,0,0,0,,,0,,,,0,,0,,0,,0,
SRV-4092,ToDo,,,,,0,,,,0,0,0,,,,,,0,0,0,,0,,0,0
SRV-4093,ToDo,,,,,0,,,,0,0,,,,,,,0,,0,,,,0,0
